INSERT INTO cliente VALUES ('1','Alberto Pérez','C/ Mayor 23 5º A','948-128377','E');
INSERT INTO cliente VALUES ('2','Pedro Mendoza','Avda. Roncesvalles 34','948-128378','B');
INSERT INTO cliente VALUES ('3','Luis Del Pozo','Avda. Sancho el Fuerte 45 6º','948-128379','B');
INSERT INTO cliente VALUES ('4','Juan Góngora','Plza. Sancho VI El Sabio 12','619046700','E');
INSERT INTO cliente VALUES ('5','María Saldise','Plza. Del Castillo 1','948-128381','N');
INSERT INTO cliente VALUES ('6','Ana Castillejo','Trav. Pío XII 2 9º C','948-128382','B');
INSERT INTO cliente VALUES ('7','Rakel Gómez','C/ Nueva 2 5º Drcha.','948-128383','B');
INSERT INTO cliente VALUES ('8','Juanan Iriarte','C/ Faustino Garralda 2 6º E','948-128384','B');
INSERT INTO cliente VALUES ('9','Jesús Del Pozo','C/ Mayor 17 5º','948-128385','B');
INSERT INTO cliente VALUES ('10','Itziar Roncal','C/ Urrutía 3','948-128386','N');
INSERT INTO cliente VALUES ('11','Edurne Higueras','Avda. Marcelo Celayeta 67','948-128387','B');
INSERT INTO cliente VALUES ('12','Cristina Juanco','Avda. Los Tilos 5','948-128388','B');
INSERT INTO cliente VALUES ('13','Leticia Ortiz','Avda. Pío XII 13 14º A','654123878','B');
INSERT INTO cliente VALUES ('14','Pedro María Soria','Paseo de la Paz 3','948-128390','N');
INSERT INTO cliente VALUES ('15','Daniel Román','Carretera serrería 3','948-128391','N');
INSERT INTO cliente VALUES ('16','David Soto','Paseo de los enamorados 14','948-128392','B');
INSERT INTO cliente VALUES ('17','Alfonso Saldise','Avda. Doctor Brun 3','666234987','B');
INSERT INTO cliente VALUES ('18','Irene Garde','Boulevard Bahía 3','626098722','B');
INSERT INTO cliente VALUES ('19','Izaskun Goñi','C/ General Mola 3','948-128395','B');
INSERT INTO cliente VALUES ('20','Victoria Sanz','C/ Merindad de Sangüesa 14','948-128396','E');
INSERT INTO cliente VALUES ('21','Inmaculada Sánchez','C/ Tafalla 3','948-128397','E');
INSERT INTO cliente VALUES ('22','Carmen Barranco','C/ Amaya 77','948-128398','E');
INSERT INTO cliente VALUES ('23','Guadalupe Aguirre','C/ Bergamín 4','948-128399','N');
INSERT INTO cliente VALUES ('24','Elvira Almagro','C/ Ochagavía 2 6º B','948-128400','E');
INSERT INTO cliente VALUES ('25','Gustavo Maeztu','Plza. Del Vínculo 6','948-128401','E');
INSERT INTO cliente VALUES ('26','Christian Fau','C/ Sancho el Mayor 2 4º A','948-128402','E');
INSERT INTO cliente VALUES ('27','Naiara Gómez','C/ Ramón de Aguinaga 16 bajo','948-128403','N');
INSERT INTO cliente VALUES ('28','Ainhoa Soria','C/ Doctor Crispín 2','948-128404','N');
INSERT INTO cliente VALUES ('29','Iñaki Grueso','C/ Fuente del Hierro 4','612612612','N');
INSERT INTO cliente VALUES ('30','Harry Hanks','C/ Doctor Simonena 1','652987142','E');
INSERT INTO cliente VALUES ('31','Humberto Sola','C/ Felipe Sanclemente 2','612098772','N');
INSERT INTO cliente VALUES ('32','Mikel Goyena','C/ Lealtad 16 bajo','948-128408','N');
INSERT INTO cliente VALUES ('33','Carmela Saura','Plza. Merindades 8','948-128409','N');
INSERT INTO cliente VALUES ('34','Begoña Urrutia','Plza. Príncipe de Viana 2 6º C','948-128410','N');
INSERT INTO cliente VALUES ('35','Marisol Alonso','C/ La Fuente 6 2º D','948-128411','N');
INSERT INTO cliente VALUES ('36','Mercedes Royuela','Avda. Carlos III 6 2º B','948-128412','N');
INSERT INTO cliente VALUES ('37','Nekane Ibarrola','Avda. Roncesvalles 88 5º B','948-128413','N');
INSERT INTO cliente VALUES ('38','Eugenia Torres','Paseo de Gracia 102 3º D','972-888374','B');
INSERT INTO cliente VALUES ('39','Escolástica Aventin','Avda. Diagonal 402 6º F','948-128415','B');
INSERT INTO cliente VALUES ('40','Alfredo Sanz','C/ San Juan 2','948-128416','B');
INSERT INTO cliente VALUES ('41','Sergio Villava','C/ María Inmaculada 9','948-128417','B');
INSERT INTO cliente VALUES ('42','Pablo Jaime','C/ Irigoyen 2','93-2349875','N');
INSERT INTO cliente VALUES ('43','Santiago García','Plza. Blankoa 5','948-128419','N');
INSERT INTO cliente VALUES ('44','Olga Martínez','Avda. Francia 6','948-128420','N');
INSERT INTO cliente VALUES ('45','Nuria Navarro','C/ Río Queiles 2 8º A','948-128421','N');
INSERT INTO cliente VALUES ('46','Cristina Gómez','C/ Río Arga 3 2º B','948-128422','E');
INSERT INTO cliente VALUES ('47','Nerea Torres','Trav. Avda. Bayona 1 5º C','699234829','N');
INSERT INTO cliente VALUES ('48','Elisa Segura','Trav. Merindad de Sangüesa 4 1º B','948-128424','E');

INSERT INTO color VALUES (10000,1,140,255);
INSERT INTO color VALUES (10001,10,150,253);
INSERT INTO color VALUES (10002,19,160,251);
INSERT INTO color VALUES (10003,28,170,249);
INSERT INTO color VALUES (10004,37,180,247);
INSERT INTO color VALUES (10005,46,190,245);
INSERT INTO color VALUES (10006,55,200,243);
INSERT INTO color VALUES (10007,64,210,241);
INSERT INTO color VALUES (10008,73,220,239);
INSERT INTO color VALUES (10009,82,230,237);
INSERT INTO color VALUES (10010,91,240,235);
INSERT INTO color VALUES (10011,100,250,233);
INSERT INTO color VALUES (10012,109,140,231);
INSERT INTO color VALUES (10013,118,130,229);
INSERT INTO color VALUES (10014,127,120,227);
INSERT INTO color VALUES (10015,136,110,225);
INSERT INTO color VALUES (10016,145,100,223);
INSERT INTO color VALUES (10017,154,90,221);
INSERT INTO color VALUES (10018,163,80,219);
INSERT INTO color VALUES (10019,172,70,217);
INSERT INTO color VALUES (10020,181,60,215);
INSERT INTO color VALUES (10021,190,50,213);
INSERT INTO color VALUES (10022,199,40,211);
INSERT INTO color VALUES (10023,208,30,209);
INSERT INTO color VALUES (10024,217,20,207);
INSERT INTO color VALUES (10025,226,10,205);
INSERT INTO color VALUES (10026,235,0,203);
INSERT INTO color VALUES (10027,244,5,201);
INSERT INTO color VALUES (10028,253,10,199);
INSERT INTO color VALUES (10029,244,15,197);
INSERT INTO color VALUES (10030,235,20,195);
INSERT INTO color VALUES (10031,226,25,193);
INSERT INTO color VALUES (10032,217,30,191);
INSERT INTO color VALUES (10033,208,35,189);
INSERT INTO color VALUES (10034,199,40,187);
INSERT INTO color VALUES (10035,190,45,185);
INSERT INTO color VALUES (10036,181,50,183);
INSERT INTO color VALUES (10037,172,55,181);
INSERT INTO color VALUES (10038,163,60,179);
INSERT INTO color VALUES (10039,154,65,177);
INSERT INTO color VALUES (10040,145,70,175);
INSERT INTO color VALUES (10041,136,75,173);
INSERT INTO color VALUES (10042,127,80,171);
INSERT INTO color VALUES (10043,118,85,169);
INSERT INTO color VALUES (10044,109,90,167);
INSERT INTO color VALUES (10045,100,95,165);
INSERT INTO color VALUES (10046,91,100,163);
INSERT INTO color VALUES (10047,82,105,161);
INSERT INTO color VALUES (20001,101,23,196);
INSERT INTO color VALUES (20010,105,25,193);
INSERT INTO color VALUES (20019,109,27,190);
INSERT INTO color VALUES (20028,113,29,187);
INSERT INTO color VALUES (20037,117,31,184);
INSERT INTO color VALUES (20046,121,33,181);
INSERT INTO color VALUES (20055,125,35,178);
INSERT INTO color VALUES (20064,129,37,175);
INSERT INTO color VALUES (20073,133,39,172);
INSERT INTO color VALUES (20082,137,41,169);
INSERT INTO color VALUES (20091,141,43,166);
INSERT INTO color VALUES (20100,145,45,163);
INSERT INTO color VALUES (20109,149,47,160);
INSERT INTO color VALUES (20118,153,49,157);
INSERT INTO color VALUES (20127,157,51,154);
INSERT INTO color VALUES (30160,161,53,151);
INSERT INTO color VALUES (31234,165,55,148);
INSERT INTO color VALUES (32308,169,57,145);
INSERT INTO color VALUES (33382,173,59,142);
INSERT INTO color VALUES (34456,177,61,139);
INSERT INTO color VALUES (35530,181,63,136);
INSERT INTO color VALUES (36604,185,65,133);
INSERT INTO color VALUES (37678,189,67,130);
INSERT INTO color VALUES (38752,193,69,127);
INSERT INTO color VALUES (39826,197,71,124);
INSERT INTO color VALUES (40900,201,73,121);

INSERT INTO maquina VALUES (1,'Torno nº 1','Nave A, ala N');
INSERT INTO maquina VALUES (2,'Torno nº 2','Nave A, ala S');
INSERT INTO maquina VALUES (3,'Torno nº 3','Nave A, ala E');
INSERT INTO maquina VALUES (4,'Torno nº 4','Nave A, ala E');
INSERT INTO maquina VALUES (5,'Torno nº 5','Nave A, ala E');
INSERT INTO maquina VALUES (6,'Torno nº 6','Nave A, ala E');
INSERT INTO maquina VALUES (7,'Torno nº 7','Prensas C');
INSERT INTO maquina VALUES (8,'Torno nº 8','Agrafado 1');
INSERT INTO maquina VALUES (9,'Torno nº 9','Nave A, ala S');
INSERT INTO maquina VALUES (10,'Torno nº 10','Nave A, ala S');
INSERT INTO maquina VALUES (11,'Fresadora nº 1','Nave B, ala NW');
INSERT INTO maquina VALUES (12,'Fresadora nº 2','Pintura, sección 2');
INSERT INTO maquina VALUES (13,'Fresadora nº 3','Pintura, sección 2');
INSERT INTO maquina VALUES (14,'Fresadora nº 4','Nave B, ala W');
INSERT INTO maquina VALUES (15,'Fresadora nº 5','Nave D');
INSERT INTO maquina VALUES (16,'Fresadora nº 6','Nave D');
INSERT INTO maquina VALUES (17,'Fresadora nº 7','Nave C');
INSERT INTO maquina VALUES (18,'Fresadora nº 8','Pintura, sección 2');
INSERT INTO maquina VALUES (19,'Fresadora nº 9','Pintura, sección 2');
INSERT INTO maquina VALUES (20,'Prensa A','Pintura, sección 2');
INSERT INTO maquina VALUES (21,'Prensa B','Nave A, ala N');
INSERT INTO maquina VALUES (22,'Prensa C','Nave A, ala N');
INSERT INTO maquina VALUES (23,'Prensa D','Nave A, ala S');
INSERT INTO maquina VALUES (24,'Prensa F','Nave C');
INSERT INTO maquina VALUES (25,'Prensa B','Nave C');
INSERT INTO maquina VALUES (26,'Prensa A','Nave D');
INSERT INTO maquina VALUES (27,'Prensa B','Nave A');
INSERT INTO maquina VALUES (28,'Prensa A','Agrafado 1');
INSERT INTO maquina VALUES (29,'Prensa B','Prensas C');
INSERT INTO maquina VALUES (30,'Sierra circular','Prensas A');
INSERT INTO maquina VALUES (31,'Fresadora nº 4','Prensas B');
INSERT INTO maquina VALUES (32,'Fresadora nº 5','Nave D');
INSERT INTO maquina VALUES (33,'Fresadora nº 6','Nave C');
INSERT INTO maquina VALUES (34,'Fresadora nº 7','Nave D');
INSERT INTO maquina VALUES (35,'Sierra circular','Nave A, ala W');
INSERT INTO maquina VALUES (36,'Sierra circular','Pintura, sección 3');
INSERT INTO maquina VALUES (37,'Sierra circular','Pintura, sección 3');

INSERT INTO articulo VALUES ('1','Silla mod. 1',10);
INSERT INTO articulo VALUES ('2','Silla mod. 2',10);
INSERT INTO articulo VALUES ('3','Silla mod. 3',10);
INSERT INTO articulo VALUES ('4','Silla mod. 4',10);
INSERT INTO articulo VALUES ('5','Silla mod. 5',10);
INSERT INTO articulo VALUES ('6','Silla mod. 6',10);
INSERT INTO articulo VALUES ('7','Silla mod. 7',10);
INSERT INTO articulo VALUES ('8','Silla mod. 8',10);
INSERT INTO articulo VALUES ('9','Silla mod. 9',10);
INSERT INTO articulo VALUES ('10','Silla mod. 10',10);
INSERT INTO articulo VALUES ('11','Silla Barcelona',5);
INSERT INTO articulo VALUES ('12','Silla Málaga',5);
INSERT INTO articulo VALUES ('13','Silla Madrid',5);
INSERT INTO articulo VALUES ('14','Chaise Longe 1',5);
INSERT INTO articulo VALUES ('15','Chaise Longe 2',5);
INSERT INTO articulo VALUES ('16','Le Corbusier 1',5);
INSERT INTO articulo VALUES ('17','Le Corbusier 2',5);
INSERT INTO articulo VALUES ('18','Mesa rectangular acero',5);
INSERT INTO articulo VALUES ('19','Mesa rectangular madera',56);
INSERT INTO articulo VALUES ('20','Mesa rectangular pvc',45);
INSERT INTO articulo VALUES ('21','Mesa cuadrada acero',3);
INSERT INTO articulo VALUES ('22','Mesa cuadrada madera',2);
INSERT INTO articulo VALUES ('23','Mesa cuadrada pvc',2);
INSERT INTO articulo VALUES ('24','Armario 2 puertas madera',3);
INSERT INTO articulo VALUES ('25','Armario 3 puertas madera',5);
INSERT INTO articulo VALUES ('26','Armario 2 puertas acero',34);
INSERT INTO articulo VALUES ('27','Armario 3 puertas acero',7);
INSERT INTO articulo VALUES ('28','Armario 2 puertas pvc',12);
INSERT INTO articulo VALUES ('29','Armario 3 puertas pvc',12);
INSERT INTO articulo VALUES ('30','Armario 4 puertas aluminio',12);
INSERT INTO articulo VALUES ('31','Armario 2 puertas correderas acero',12);
INSERT INTO articulo VALUES ('32','Armario 3 puertas correderas madera',5);
INSERT INTO articulo VALUES ('33','Recibidor bajo',6);
INSERT INTO articulo VALUES ('34','Recibidor medio',7);
INSERT INTO articulo VALUES ('35','Recibidor alto',8);
INSERT INTO articulo VALUES ('36','Mesa auxiliar 1',9);
INSERT INTO articulo VALUES ('37','Mesa auxiliar 2',7);
INSERT INTO articulo VALUES ('38','Mesa auxiliar 3',6);
INSERT INTO articulo VALUES ('39','Mesa auxiliar 4',5);
INSERT INTO articulo VALUES ('40','Mesa auxiliar 5',4);
INSERT INTO articulo VALUES ('41','Mesa auxiliar 6',4);
INSERT INTO articulo VALUES ('42','Mesa auxiliar 7',9);
INSERT INTO articulo VALUES ('43','Mesa auxiliar 1 madera',100);
INSERT INTO articulo VALUES ('44','Mesa auxiliar 2 madera',100);
INSERT INTO articulo VALUES ('45','Mesa auxiliar 1 madera',120);
INSERT INTO articulo VALUES ('46','Mesa auxiliar 2 madera',145);
INSERT INTO articulo VALUES ('47','Mesa auxiliar 1 madera',123);
INSERT INTO articulo VALUES ('48','Mesa auxiliar 2 madera',154);
INSERT INTO articulo VALUES ('49','Mesa auxiliar 1 madera',145);

INSERT INTO produce VALUES ('1',1,'10/10/2018',100,0,450);
INSERT INTO produce VALUES ('2',1,'11/10/2018',100,0,450);
INSERT INTO produce VALUES ('3',1,'12/10/2018',80,20,400);
INSERT INTO produce VALUES ('4',1,'13/10/2018',80,20,400);
INSERT INTO produce VALUES ('5',1,'14/10/2018',80,20,400);
INSERT INTO produce VALUES ('6',1,'15/10/2018',100,100,450);
INSERT INTO produce VALUES ('7',1,'16/10/2018',10,90,60);
INSERT INTO produce VALUES ('8',1,'17/10/2018',10,90,60);
INSERT INTO produce VALUES ('9',1,'18/10/2018',120,0,450);
INSERT INTO produce VALUES ('1',4,'05/08/2017',200,0,400);
INSERT INTO produce VALUES ('2',4,'11/09/2017',200,0,400);
INSERT INTO produce VALUES ('3',4,'18/10/2017',200,20,400);
INSERT INTO produce VALUES ('4',4,'26/03/2016',200,20,400);
INSERT INTO produce VALUES ('5',4,'01/09/2014',200,20,400);
INSERT INTO produce VALUES ('6',4,'08/02/2013',200,100,400);
INSERT INTO produce VALUES ('7',4,'17/07/2011',200,90,400);
INSERT INTO produce VALUES ('8',4,'23/09/2011',200,90,400);
INSERT INTO produce VALUES ('9',4,'30/11/2011',200,0,400);
INSERT INTO produce VALUES ('10',4,'06/02/2012',200,10,400);
INSERT INTO produce VALUES ('1',1,'15/04/2012',10,2,60);
INSERT INTO produce VALUES ('2',2,'22/06/2012',10,2,60);
INSERT INTO produce VALUES ('3',3,'29/08/2012',10,2,60);
INSERT INTO produce VALUES ('4',4,'05/11/2012',10,2,60);
INSERT INTO produce VALUES ('5',5,'06/09/2017',400,2,200);
INSERT INTO produce VALUES ('6',6,'07/09/2017',400,200,200);
INSERT INTO produce VALUES ('7',7,'08/09/2017',10,2,30);
INSERT INTO produce VALUES ('8',8,'09/09/2017',10,4,30);
INSERT INTO produce VALUES ('9',9,'10/09/2017',400,4,180);
INSERT INTO produce VALUES ('10',10,'11/09/2017',10,4,30);
INSERT INTO produce VALUES ('11',11,'12/09/2017',10,4,45);
INSERT INTO produce VALUES ('12',12,'04/07/2019',10,4,60);
INSERT INTO produce VALUES ('13',13,'05/07/2019',400,4,60);
INSERT INTO produce VALUES ('14',14,'26/07/2019',10,4,60);
INSERT INTO produce VALUES ('15',15,'07/07/2019',10,4,60);
INSERT INTO produce VALUES ('16',16,'08/07/2019',10,4,60);
INSERT INTO produce VALUES ('17',17,'09/07/2019',400,4,60);
INSERT INTO produce VALUES ('18',18,'30/11/2011',10,4,60);
INSERT INTO produce VALUES ('19',19,'06/02/2012',10,4,60);
INSERT INTO produce VALUES ('20',20,'15/04/2012',400,4,60);
INSERT INTO produce VALUES ('21',21,'22/06/2012',10,4,60);
INSERT INTO produce VALUES ('22',22,'29/08/2012',10,4,60);
INSERT INTO produce VALUES ('23',23,'05/11/2012',400,6,60);
INSERT INTO produce VALUES ('24',24,'07/09/2017',10,4,60);
INSERT INTO produce VALUES ('25',25,'08/09/2017',10,3,60);
INSERT INTO produce VALUES ('26',26,'09/09/2017',10,3,60);
INSERT INTO produce VALUES ('27',27,'09/07/2019',400,3,60);
INSERT INTO produce VALUES ('28',28,'10/07/2019',10,3,60);
INSERT INTO produce VALUES ('29',29,'11/07/2019',1000,4,60);
INSERT INTO produce VALUES ('30',29,'12/07/2019',28,3,60);
INSERT INTO produce VALUES ('31',31,'26/07/2019',800,10,60);
INSERT INTO produce VALUES ('32',32,'07/07/2019',800,14,60);
INSERT INTO produce VALUES ('33',33,'08/07/2019',800,14,60);
INSERT INTO produce VALUES ('34',34,'09/07/2019',10,7,30);
INSERT INTO produce VALUES ('35',35,'30/11/2011',10,0,30);
INSERT INTO produce VALUES ('36',36,'06/02/2012',10,0,30);
INSERT INTO produce VALUES ('37',37,'15/04/2012',10,0,30);
INSERT INTO produce VALUES ('38',29,'22/06/2012',10,0,30);
INSERT INTO produce VALUES ('39',29,'26/07/2019',10,0,30);
INSERT INTO produce VALUES ('40',29,'07/07/2019',10,0,30);
INSERT INTO produce VALUES ('41',29,'08/07/2019',4,0,60);
INSERT INTO produce VALUES ('42',29,'09/07/2019',10,2,60);
INSERT INTO produce VALUES ('28',7,'15/04/2012',400,4,60);
INSERT INTO produce VALUES ('28',7,'22/06/2012',10,4,60);
INSERT INTO produce VALUES ('28',7,'29/08/2012',10,4,60);
INSERT INTO produce VALUES ('28',7,'05/11/2012',400,6,60);
INSERT INTO produce VALUES ('28',7,'07/09/2017',10,4,60);
INSERT INTO produce VALUES ('28',7,'08/09/2017',10,3,60);
INSERT INTO produce VALUES ('28',7,'09/09/2017',10,3,60);
INSERT INTO produce VALUES ('28',7,'09/07/2019',400,3,60);
INSERT INTO produce VALUES ('28',7,'10/07/2019',10,3,60);
INSERT INTO produce VALUES ('28',7,'11/07/2019',1000,4,60);
INSERT INTO produce VALUES ('28',7,'12/07/2019',28,3,60);
INSERT INTO produce VALUES ('28',7,'26/07/2019',800,10,60);
INSERT INTO produce VALUES ('28',7,'07/07/2019',800,14,60);
INSERT INTO produce VALUES ('28',7,'08/07/2019',800,14,60);
INSERT INTO produce VALUES ('31',12,'22/06/2012',10,4,60);
INSERT INTO produce VALUES ('31',12,'29/08/2012',10,4,60);
INSERT INTO produce VALUES ('31',12,'05/11/2012',10,4,60);
INSERT INTO produce VALUES ('31',12,'07/09/2017',400,4,60);
INSERT INTO produce VALUES ('31',12,'08/09/2017',10,4,60);
INSERT INTO produce VALUES ('31',12,'09/09/2017',10,4,60);
INSERT INTO produce VALUES ('31',12,'09/07/2019',400,4,60);
INSERT INTO produce VALUES ('31',12,'10/07/2019',10,4,60);
INSERT INTO produce VALUES ('31',12,'11/07/2019',10,4,60);
INSERT INTO produce VALUES ('31',12,'12/07/2019',400,6,60);
INSERT INTO produce VALUES ('31',12,'26/07/2019',10,4,60);
INSERT INTO produce VALUES ('31',12,'07/07/2019',10,3,60);
INSERT INTO produce VALUES ('31',12,'08/07/2019',10,3,60);
INSERT INTO produce VALUES ('26',2,'22/06/2012',45,4,30);
INSERT INTO produce VALUES ('26',2,'23/06/2012',45,4,60);
INSERT INTO produce VALUES ('26',2,'24/06/2012',45,4,90);
INSERT INTO produce VALUES ('26',2,'25/06/2012',45,4,120);
INSERT INTO produce VALUES ('26',2,'26/06/2012',45,4,150);
INSERT INTO produce VALUES ('26',2,'27/06/2012',45,4,180);
INSERT INTO produce VALUES ('26',2,'28/06/2012',45,4,210);
INSERT INTO produce VALUES ('22',9,'22/06/2012',100,15,30);
INSERT INTO produce VALUES ('22',9,'23/06/2012',120,15,60);
INSERT INTO produce VALUES ('22',9,'24/06/2012',140,15,90);
INSERT INTO produce VALUES ('22',9,'25/06/2012',160,15,120);
INSERT INTO produce VALUES ('22',9,'26/06/2012',180,15,150);
INSERT INTO produce VALUES ('22',9,'27/06/2012',200,10,180);
INSERT INTO produce VALUES ('22',9,'28/06/2012',220,15,210);

INSERT INTO orden VALUES ('1','A','10/10/2018','12/10/2018','10');
INSERT INTO orden VALUES ('2','C','11/10/2018','11/11/2018','12');
INSERT INTO orden VALUES ('3','G','12/10/2018','12/12/2018','14');
INSERT INTO orden VALUES ('4','G','22/09/2018','25/12/2018','29');
INSERT INTO orden VALUES ('5','C','15/05/2019','20/05/2019','10');
INSERT INTO orden VALUES ('6','A','11/05/2019','11/06/2019','27');


INSERT INTO contiene VALUES ('1','1',10000,6,2,'11/10/2018');
INSERT INTO contiene VALUES ('1','2',10001,4,1,'11/10/2018');
INSERT INTO contiene VALUES ('1','24',10009,3,1,'11/10/2018');
INSERT INTO contiene VALUES ('2','30',10020,3,2,'21/10/2018');
INSERT INTO contiene VALUES ('2','31',10021,4,2,'21/10/2018');
INSERT INTO contiene VALUES ('2','32',10021,6,2,'21/10/2018');
INSERT INTO contiene VALUES ('2','34',10019,8,4,'22/10/2018');
INSERT INTO contiene VALUES ('2','8',10024,2,1,'22/10/2018');
INSERT INTO contiene VALUES ('2','35',10024,1,1,'22/10/2018');
INSERT INTO contiene VALUES ('2','36',10026,1,1,'22/10/2018');
INSERT INTO contiene VALUES ('3','37',10027,4,1,'12/10/2018');
INSERT INTO contiene VALUES ('3','38',10028,2,1,'12/10/2018');
INSERT INTO contiene VALUES ('3','39',10029,4,1,'12/10/2018');
INSERT INTO contiene VALUES ('3','40',10030,3,1,'12/10/2018');
INSERT INTO contiene VALUES ('4','41',10031,12,1,'12/10/2018');
INSERT INTO contiene VALUES ('4','42',10032,6,1,'12/10/2018');
INSERT INTO contiene VALUES ('4','43',10016,12,1,'12/10/2018');
INSERT INTO contiene VALUES ('4','44',10016,10,1,'12/10/2018');
INSERT INTO contiene VALUES ('4','45',10035,4,1,'12/10/2018');
INSERT INTO contiene VALUES ('4','46',10016,2,1,'12/10/2018');
INSERT INTO contiene VALUES ('5','2',10020,4,2,'16/05/2019');
INSERT INTO contiene VALUES ('5','2',10021,5,2,'16/05/2019');
INSERT INTO contiene VALUES ('5','2',10022,6,2,'16/05/2019');
INSERT INTO contiene VALUES ('5','5',10020,4,2,'16/05/2019');
INSERT INTO contiene VALUES ('5','6',10020,5,2,'17/05/2019');
INSERT INTO contiene VALUES ('5','7',10025,6,2,'17/05/2019');
INSERT INTO contiene VALUES ('5','8',10026,2,2,'17/05/2019');
INSERT INTO contiene VALUES ('5','9',10027,2,2,'17/05/2019');
INSERT INTO contiene VALUES ('5','10',10028,2,2,'17/05/2019');
INSERT INTO contiene VALUES ('6','11',10046,2,1,'11/05/2019');
INSERT INTO contiene VALUES ('6','12',10047,2,1,'12/05/2019');
INSERT INTO contiene VALUES ('6','13',20001,2,1,'13/05/2019');
INSERT INTO contiene VALUES ('6','14',20010,2,1,'14/05/2019');
INSERT INTO contiene VALUES ('6','15',20019,5,1,'15/05/2019');
INSERT INTO contiene VALUES ('6','16',20019,5,1,'16/05/2019');
INSERT INTO contiene VALUES ('6','17',20019,5,1,'17/05/2019');
INSERT INTO contiene VALUES ('6','18',20019,5,1,'18/05/2019');
INSERT INTO contiene VALUES ('6','19',20019,5,1,'19/05/2019');
INSERT INTO contiene VALUES ('6','20',20019,5,1,'20/05/2019');
INSERT INTO contiene VALUES ('6','21',20019,5,1,'21/05/2019');
INSERT INTO contiene VALUES ('6','22',20019,5,1,'22/05/2019');
INSERT INTO contiene VALUES ('6','23',20019,5,1,'23/05/2019');
INSERT INTO contiene VALUES ('6','24',20019,5,1,'24/05/2019');
INSERT INTO contiene VALUES ('6','25',20019,5,1,'25/05/2019');
INSERT INTO contiene VALUES ('6','26',20019,5,1,'26/05/2019');
INSERT INTO contiene VALUES ('6','27',20019,5,1,'27/05/2019');
INSERT INTO contiene VALUES ('6','28',20019,5,1,'28/05/2019');


